{"schemaVersion":"1.0","appDefinitionTemplate":{"id":"/providers/Microsoft.PowerApps/apps/","type":"Microsoft.PowerApps/apps","tags":{"primaryDeviceWidth":"640","primaryDeviceHeight":"1136","sienaVersion":"20210603T032853Z-3.21054.21.0","deviceCapabilities":"","supportsPortrait":"true","supportsLandscape":"false","primaryFormFactor":"Phone","publisherVersion":"3.21053.21","minimumRequiredApiVersion":"2.2.0","hasComponent":"false","hasUnlockedComponent":"false","isUnifiedRootApp":"false"},"properties":{"appVersion":"2021-06-03T03:28:53Z","lifeCycleId":"Published","createdByClientVersion":{"major":3,"minor":21053,"build":21,"revision":0,"majorRevision":0,"minorRevision":0},"minClientVersion":{"major":3,"minor":21053,"build":21,"revision":0,"majorRevision":0,"minorRevision":0},"backgroundColor":"rgba(109, 49, 162, 1)","backgroundImageUri":"/2581035154376444499/Nb6ea0e20-75ac-47a2-b00c-2c482244256a-logoSmallFile","displayName":"M365 Training Catalog","description":"","commitMessage":"","appUris":{"documentUri":{"value":"/2581035154376444499/Na289d09b-1094-450e-9cf9-c0da32d3da29-document.msapp"},"imageUris":[]},"createdTime":"0001-01-01T00:00:00Z","lastModifiedTime":"0001-01-01T00:00:00Z","sharedGroupsCount":0,"sharedUsersCount":0,"icons":{"smallIconUri":"/2581035154376444499/N3c459343-00cd-4255-a02c-98f1ebda34f5-small.png","mediumIconUri":"/2581035154376444499/Ned9919d7-fc2b-4085-a45b-76eac3fe5dad-medium.png","largeIconUri":"/2581035154376444499/N5c31c4d3-ea9a-4b35-8437-81250f93ce59-large.png","wideIconUri":"/2581035154376444499/N19c20b0b-700a-4fbd-9230-95fec2e85051-wide.png"},"connectionReferences":{"01e2ca22-c4db-4f63-b976-2162bae8fba4":{"id":"62f4704d-78c9-4f2f-80fe-b6ad8cf1b802","displayName":"SharePoint","iconUri":"https://connectoricons-prod.azureedge.net/releases/v1.0.1472/1.0.1472.2427/sharepointonline/icon.png","dataSources":["Training"],"dependencies":[],"dependents":[],"parameterHints":{},"isOnPremiseConnection":false,"bypassConsent":false,"dataSets":{"https://maximecorp.sharepoint.com/sites/M365LP":{"dataSources":{"Training":{"tableName":"4d1f233c-9033-43fb-aa94-938badeacede"}}}},"apiTier":"Standard","isCustomApiConnection":false},"4dbb00ed-4f8f-494d-813b-79779c79f42e":{"id":"f86637e6-119b-4f20-8815-441a7c0fa903","displayName":"Microsoft Teams","iconUri":"https://connectoricons-prod.azureedge.net/releases/v1.0.1468/1.0.1468.2418/teams/icon.png","dataSources":["MicrosoftTeams"],"dependencies":[],"dependents":[],"parameterHints":{},"isOnPremiseConnection":false,"bypassConsent":false,"dataSets":{},"apiTier":"Standard","isCustomApiConnection":false,"actions":["PostMessageToChannelV3"]}},"databaseReferences":{},"almMode":"Environment","performanceOptimizationEnabled":true,"canConsumeAppPass":true,"executionRestrictions":{"isTeamsOnly":false,"dataLossPreventionEvaluationResult":{"status":"Compliant","lastEvaluationDate":"2021-06-02T18:10:44.9617879Z","violations":[],"violationsByPolicy":[],"violationErrorMessage":"The app uses the following connectors: shared_sharepointonline."}}},"appType":"ClassicCanvasApp","appComponents":[]}}